,time_unix,lon,lat,date time
3,1769633292,-15810.085,2113.2828,2026-01-28 20:48:12
4,1769633328,-15810.0813,2113.2791,2026-01-28 20:48:48
5,1769633364,-15810.0777,2113.2762,2026-01-28 20:49:24
6,1769633724,-15810.082,2113.2289,2026-01-28 20:55:24
7,1769633756,-15810.0812,2113.2246,2026-01-28 20:55:56
8,1769634471,-15810.0291,2113.1492,2026-01-28 21:07:51
9,1769634507,-15810.0266,2113.1452,2026-01-28 21:08:27
10,1769634543,-15810.0226,2113.1413,2026-01-28 21:09:03
11,1769634579,-15810.0192,2113.1379,2026-01-28 21:09:39
12,1769635012,-15810.0155,2113.1415,2026-01-28 21:16:52
13,1769635048,-15810.0124,2113.1385,2026-01-28 21:17:28
14,1769635518,-15809.9676,2113.0813,2026-01-28 21:25:18
15,1769635554,-15809.9631,2113.0767,2026-01-28 21:25:54
16,1769635590,-15809.9599,2113.0718,2026-01-28 21:26:30
17,1769635622,-15809.9584,2113.0693,2026-01-28 21:27:02
18,1769636319,-15809.9743,2113.0469,2026-01-28 21:38:39
19,1769636351,-15809.971,2113.0428,2026-01-28 21:39:11
20,1769636829,-15809.9242,2112.9808,2026-01-28 21:47:09
21,1769636861,-15809.9202,2112.9752,2026-01-28 21:47:41
22,1769636897,-15809.9156,2112.9685,2026-01-28 21:48:17
23,1769638147,-15809.9781,2112.9115,2026-01-28 22:09:07
24,1769638183,-15809.9757,2112.9073,2026-01-28 22:09:43
25,1769638548,-15809.9457,2112.8601,2026-01-28 22:15:48
26,1769638584,-15809.9438,2112.8555,2026-01-28 22:16:24
27,1769638620,-15809.9395,2112.852,2026-01-28 22:17:00
28,1769638652,-15809.9375,2112.8457,2026-01-28 22:17:32
29,1769639906,-15810.0058,2112.7571,2026-01-28 22:38:26
30,1769639942,-15810.0031,2112.7527,2026-01-28 22:39:02
31,1769640412,-15809.9663,2112.7007,2026-01-28 22:46:52
32,1769640448,-15809.9627,2112.6958,2026-01-28 22:47:28
33,1769640484,-15809.9601,2112.6918,2026-01-28 22:48:04
34,1769640516,-15809.9566,2112.6839,2026-01-28 22:48:36
35,1769642907,-15810.2442,2112.7339,2026-01-28 23:28:27
36,1769642943,-15810.243,2112.7294,2026-01-28 23:29:03
37,1769643420,-15810.1962,2112.679,2026-01-28 23:37:00
38,1769643452,-15810.1911,2112.6735,2026-01-28 23:37:32
39,1769643488,-15810.1876,2112.6691,2026-01-28 23:38:08
40,1769648097,-15810.9207,2112.7916,2026-01-29 00:54:57
41,1769648134,-15810.9178,2112.7896,2026-01-29 00:55:34
42,1769648635,-15810.8746,2112.7718,2026-01-29 01:03:55
43,1769648672,-15810.8731,2112.771,2026-01-29 01:04:32
44,1769648708,-15810.8701,2112.7697,2026-01-29 01:05:08
45,1769648744,-15810.8691,2112.7663,2026-01-29 01:05:44
46,1769654906,-15811.9231,2112.6662,2026-01-29 02:48:26
47,1769654942,-15811.9189,2112.6661,2026-01-29 02:49:02
48,1769655525,-15811.8493,2112.6797,2026-01-29 02:58:45
49,1769655557,-15811.8458,2112.68,2026-01-29 02:59:17
50,1769655593,-15811.8425,2112.6769,2026-01-29 02:59:53
51,1769663129,-15813.0345,2112.4004,2026-01-29 05:05:29
52,1769663161,-15813.0281,2112.4018,2026-01-29 05:06:01
53,1769663813,-15812.9045,2112.4304,2026-01-29 05:16:53
54,1769663849,-15812.8971,2112.4296,2026-01-29 05:17:29
55,1769663881,-15812.8912,2112.4319,2026-01-29 05:18:01
56,1769674163,-15814.3297,2111.9731,2026-01-29 08:09:23
57,1769674199,-15814.3208,2111.9743,2026-01-29 08:09:59
58,1769674770,-15814.1737,2111.9905,2026-01-29 08:19:30
59,1769674806,-15814.1615,2111.9918,2026-01-29 08:20:06
60,1769686513,-15815.855,2111.7963,2026-01-29 11:35:13
61,1769686545,-15815.8502,2111.7927,2026-01-29 11:35:45
62,1769687358,-15815.742,2111.7058,2026-01-29 11:49:18
63,1769687391,-15815.737,2111.7034,2026-01-29 11:49:51
64,1769687427,-15815.7325,2111.6986,2026-01-29 11:50:27
65,1769687463,-15815.7294,2111.6934,2026-01-29 11:51:03
66,1769700387,-15817.3983,2111.6662,2026-01-29 15:26:27
67,1769700423,-15817.3976,2111.6635,2026-01-29 15:27:03
68,1769716666,-15818.7007,2110.9057,2026-01-29 19:57:46
69,1769716704,-15818.6942,2110.9065,2026-01-29 19:58:24
70,1769716736,-15818.6889,2110.9078,2026-01-29 19:58:56
71,1769716772,-15818.6845,2110.9112,2026-01-29 19:59:32
72,1769717897,-15818.7599,2110.9611,2026-01-29 20:18:17
73,1769717933,-15818.7533,2110.9616,2026-01-29 20:18:53
74,1769718478,-15818.6376,2110.9762,2026-01-29 20:27:58
75,1769718514,-15818.6302,2110.9762,2026-01-29 20:28:34
76,1769718546,-15818.6257,2110.9767,2026-01-29 20:29:06
77,1769718582,-15818.6225,2110.9766,2026-01-29 20:29:42
78,1769719691,-15818.6848,2110.9871,2026-01-29 20:48:11
79,1769720060,-15818.6047,2111.001,2026-01-29 20:54:20
80,1769720098,-15818.5961,2111.0003,2026-01-29 20:54:58
81,1769720134,-15818.5899,2111.0008,2026-01-29 20:55:34
82,1769720166,-15818.5839,2111.0044,2026-01-29 20:56:06
83,1769721334,-15818.6326,2111.0384,2026-01-29 21:15:34
84,1769721370,-15818.6262,2111.0386,2026-01-29 21:16:10
85,1769722017,-15818.4957,2111.0545,2026-01-29 21:26:57
86,1769722053,-15818.4891,2111.0544,2026-01-29 21:27:33
87,1769722089,-15818.484,2111.0545,2026-01-29 21:28:09
88,1769722121,-15818.4785,2111.0542,2026-01-29 21:28:41
89,1769724252,-15818.7464,2111.0748,2026-01-29 22:04:12
90,1769724288,-15818.7401,2111.075,2026-01-29 22:04:48
91,1769725023,-15818.5931,2111.0897,2026-01-29 22:17:03
92,1769725062,-15818.5856,2111.0899,2026-01-29 22:17:42
93,1769725098,-15818.578,2111.0893,2026-01-29 22:18:18
94,1769729432,-15819.2322,2110.9631,2026-01-29 23:30:32
95,1769729468,-15819.2291,2110.9616,2026-01-29 23:31:08
96,1769741454,-15819.8611,2112.4704,2026-01-30 02:50:54
97,1769741486,-15819.8595,2112.4651,2026-01-30 02:51:26
98,1769741522,-15819.8585,2112.4607,2026-01-30 02:52:02
99,1769741558,-15819.8602,2112.4568,2026-01-30 02:52:38
100,1769752361,-15819.7141,2114.4301,2026-01-30 05:52:41
101,1769752397,-15819.7082,2114.4291,2026-01-30 05:53:17
102,1769753133,-15819.5961,2114.432,2026-01-30 06:05:33
103,1769753169,-15819.5927,2114.4327,2026-01-30 06:06:09
104,1769764486,-15819.1989,2116.2023,2026-01-30 09:14:46
105,1769764522,-15819.1904,2116.1996,2026-01-30 09:15:22
106,1769765096,-15819.0465,2116.1576,2026-01-30 09:24:56
107,1769765132,-15819.0368,2116.1534,2026-01-30 09:25:32
108,1769765168,-15819.0286,2116.1513,2026-01-30 09:26:08
109,1769776414,-15818.8719,2117.8495,2026-01-30 12:33:34
110,1769776450,-15818.8689,2117.8407,2026-01-30 12:34:10
111,1769776994,-15818.8168,2117.7178,2026-01-30 12:43:14
112,1769777030,-15818.8143,2117.7093,2026-01-30 12:43:50
113,1769777062,-15818.8104,2117.7029,2026-01-30 12:44:22
114,1769788856,-15818.9855,2119.6032,2026-01-30 16:00:56
115,1769788892,-15818.9895,2119.6037,2026-01-30 16:01:32
116,1769789548,-15819.0407,2119.6154,2026-01-30 16:12:28
117,1769789584,-15819.0428,2119.6178,2026-01-30 16:13:04
118,1769789620,-15819.0469,2119.6165,2026-01-30 16:13:40
119,1769789652,-15819.05,2119.6182,2026-01-30 16:14:12
120,1769802484,-15819.026,2121.512,2026-01-30 19:48:04
121,1769802521,-15819.0253,2121.5112,2026-01-30 19:48:41
122,1769803091,-15819.0213,2121.4904,2026-01-30 19:58:11
123,1769803127,-15819.0204,2121.4889,2026-01-30 19:58:47
124,1769803163,-15819.0198,2121.4852,2026-01-30 19:59:23
125,1769816041,-15818.743,2122.8809,2026-01-30 23:34:01
126,1769816081,-15818.7447,2122.8708,2026-01-30 23:34:41
127,1769816736,-15818.7395,2122.7811,2026-01-30 23:45:36
128,1769816772,-15818.7394,2122.776,2026-01-30 23:46:12
129,1769816808,-15818.7381,2122.7716,2026-01-30 23:46:48
130,1769830568,-15818.7413,2124.5502,2026-01-31 03:36:08
131,1769830605,-15818.7504,2124.5552,2026-01-31 03:36:45
132,1769831208,-15818.9071,2124.6399,2026-01-31 03:46:48
133,1769831244,-15818.9158,2124.6435,2026-01-31 03:47:24
134,1769831276,-15818.9262,2124.6494,2026-01-31 03:47:56
135,1769845147,-15818.9224,2127.1626,2026-01-31 07:39:07
136,1769845183,-15818.9253,2127.1629,2026-01-31 07:39:43
137,1769845985,-15819.0128,2127.1848,2026-01-31 07:53:05
138,1769846017,-15819.0144,2127.1834,2026-01-31 07:53:37
139,1769846053,-15819.0101,2127.1791,2026-01-31 07:54:13
140,1769853607,-15818.7491,2128.2844,2026-01-31 10:00:07
141,1769853644,-15818.749,2128.2831,2026-01-31 10:00:44
142,1769854100,-15818.744,2128.2584,2026-01-31 10:08:20
143,1769854136,-15818.7438,2128.2556,2026-01-31 10:08:56
144,1769854172,-15818.7446,2128.2531,2026-01-31 10:09:32
145,1769861467,-15818.27,2129.0301,2026-01-31 12:11:07
146,1769861503,-15818.2698,2129.0254,2026-01-31 12:11:43
147,1769861962,-15818.265,2128.9676,2026-01-31 12:19:22
148,1769861998,-15818.2664,2128.965,2026-01-31 12:19:58
149,1769862034,-15818.2669,2128.9623,2026-01-31 12:20:34
150,1769869478,-15818.2877,2129.8906,2026-01-31 14:24:38
151,1769869518,-15818.2942,2129.8912,2026-01-31 14:25:18
152,1769870073,-15818.3932,2129.9124,2026-01-31 14:34:33
153,1769870109,-15818.4011,2129.9146,2026-01-31 14:35:09
154,1769884830,-15819.1307,2132.6021,2026-01-31 18:40:30
155,1769884862,-15819.1371,2132.6069,2026-01-31 18:41:02
156,1769885483,-15819.233,2132.6876,2026-01-31 18:51:23
157,1769885519,-15819.2374,2132.6927,2026-01-31 18:51:59
158,1769885551,-15819.2402,2132.6955,2026-01-31 18:52:31
159,1769899676,-15818.0494,2131.4013,2026-01-31 22:47:56
160,1769899716,-15818.0396,2131.3986,2026-01-31 22:48:36
161,1769900479,-15817.8765,2131.3577,2026-01-31 23:01:19
162,1769900511,-15817.8683,2131.3567,2026-01-31 23:01:51
163,1769900547,-15817.8545,2131.3463,2026-01-31 23:02:27
164,1769915038,-15818.8064,2131.4822,2026-02-01 03:03:58
165,1769915749,-15818.8202,2131.5868,2026-02-01 03:15:49
166,1769915781,-15818.8206,2131.5941,2026-02-01 03:16:21
167,1769915817,-15818.8228,2131.5976,2026-02-01 03:16:57
168,1769915853,-15818.8267,2131.6092,2026-02-01 03:17:33
169,1769930090,-15821.7263,2132.4711,2026-02-01 07:14:50
170,1769930677,-15821.7504,2132.5889,2026-02-01 07:24:37
171,1769930714,-15821.7505,2132.5963,2026-02-01 07:25:14
172,1769930746,-15821.7546,2132.6024,2026-02-01 07:25:46
173,1769945176,-15823.1111,2131.391,2026-02-01 11:26:16
174,1769945213,-15823.1126,2131.3884,2026-02-01 11:26:53
175,1769945755,-15823.1294,2131.3493,2026-02-01 11:35:55
176,1769945792,-15823.1313,2131.3459,2026-02-01 11:36:32
177,1769945828,-15823.1323,2131.3448,2026-02-01 11:37:08
178,1769959969,-15824.4242,2129.1486,2026-02-01 15:32:49
179,1769960002,-15824.4319,2129.1478,2026-02-01 15:33:22
180,1769976485,-15823.2913,2131.0382,2026-02-01 20:08:05
181,1769976522,-15823.2935,2131.0442,2026-02-01 20:08:42
182,1769976558,-15823.2972,2131.0516,2026-02-01 20:09:18
183,1769982294,-15824.3238,2130.7669,2026-02-01 21:44:54
184,1769982326,-15824.3233,2130.7699,2026-02-01 21:45:26
185,1769982902,-15824.3222,2130.8345,2026-02-01 21:55:02
186,1769982938,-15824.3226,2130.8386,2026-02-01 21:55:38
187,1769982974,-15824.3196,2130.8401,2026-02-01 21:56:14
188,1769988372,-15824.7622,2130.0037,2026-02-01 23:26:12
189,1769988408,-15824.7617,2130.0015,2026-02-01 23:26:48
190,1769988922,-15824.7569,2129.9783,2026-02-01 23:35:22
191,1769988958,-15824.7549,2129.9778,2026-02-01 23:35:58
192,1769988994,-15824.7499,2129.9811,2026-02-01 23:36:34
193,1769989026,-15824.7343,2129.9828,2026-02-01 23:37:06
194,1769995141,-15824.8066,2129.4346,2026-02-02 01:19:01
195,1769995603,-15824.7945,2129.4219,2026-02-02 01:26:43
196,1769995640,-15824.7946,2129.4216,2026-02-02 01:27:20
197,1769995672,-15824.7938,2129.4187,2026-02-02 01:27:52
198,1769995708,-15824.794,2129.4181,2026-02-02 01:28:28
199,1770002995,-15824.2245,2128.9514,2026-02-02 03:29:55
200,1770003028,-15824.226,2128.954,2026-02-02 03:30:28
201,1770003685,-15824.2709,2129.0265,2026-02-02 03:41:25
202,1770003721,-15824.2731,2129.0299,2026-02-02 03:42:01
203,1770003757,-15824.2762,2129.0302,2026-02-02 03:42:37
204,1770012887,-15824.8216,2130.6262,2026-02-02 06:14:47
205,1770012924,-15824.8254,2130.6382,2026-02-02 06:15:24
206,1770013717,-15824.904,2130.9354,2026-02-02 06:28:37
207,1770013753,-15824.9107,2130.9431,2026-02-02 06:29:13
208,1770013789,-15824.9138,2130.957,2026-02-02 06:29:49
209,1770028931,-15825.4903,2130.3309,2026-02-02 10:42:11
210,1770028968,-15825.4873,2130.3308,2026-02-02 10:42:48
211,1770047003,-15824.4512,2128.7055,2026-02-02 15:43:23
212,1770047039,-15824.4514,2128.6979,2026-02-02 15:43:59
213,1770058817,-15824.899,2130.3535,2026-02-02 19:00:17
214,1770058853,-15824.9039,2130.3603,2026-02-02 19:00:53
215,1770073047,-15824.525,2129.5011,2026-02-02 22:57:27
216,1770073083,-15824.5252,2129.5006,2026-02-02 22:58:03
217,1770086083,-15823.688,2127.6268,2026-02-03 02:34:43
218,1770086121,-15823.6863,2127.6258,2026-02-03 02:35:21
219,1770086720,-15823.6612,2127.6002,2026-02-03 02:45:20
220,1770086752,-15823.6583,2127.5993,2026-02-03 02:45:52
221,1770086788,-15823.6539,2127.5982,2026-02-03 02:46:28
222,1770100591,-15822.2618,2127.2217,2026-02-03 06:36:31
223,1770100628,-15822.2654,2127.227,2026-02-03 06:37:08
224,1770101417,-15822.2981,2127.3285,2026-02-03 06:50:17
225,1770101453,-15822.306,2127.3347,2026-02-03 06:50:53
226,1770101489,-15822.3224,2127.3373,2026-02-03 06:51:29
227,1770115782,-15821.7674,2126.7217,2026-02-03 10:49:42
228,1770115818,-15821.7629,2126.7198,2026-02-03 10:50:18
229,1770131699,-15820.9562,2124.9859,2026-02-03 15:14:59
230,1770131735,-15820.9633,2124.9736,2026-02-03 15:15:35
231,1770146061,-15819.8799,2124.1264,2026-02-03 19:14:21
232,1770146097,-15819.8837,2124.1281,2026-02-03 19:14:57
233,1770146878,-15819.9974,2124.1764,2026-02-03 19:27:58
234,1770146910,-15820.005,2124.1797,2026-02-03 19:28:30
235,1770146946,-15820.0155,2124.1811,2026-02-03 19:29:06
236,1770176687,-15818.35,2122.0784,2026-02-04 03:44:47
237,1770176723,-15818.3537,2122.0815,2026-02-04 03:45:23
238,1770177783,-15818.4546,2122.1178,2026-02-04 04:03:03
239,1770177815,-15818.4585,2122.1201,2026-02-04 04:03:35
240,1770177851,-15818.4653,2122.1252,2026-02-04 04:04:11
241,1770177887,-15818.4791,2122.1343,2026-02-04 04:04:47
242,1770206231,-15816.9113,2120.5103,2026-02-04 11:57:11
243,1770206264,-15816.9134,2120.5124,2026-02-04 11:57:44
244,1770207121,-15816.927,2120.528,2026-02-04 12:12:01
245,1770207157,-15816.9267,2120.5279,2026-02-04 12:12:37
246,1770207193,-15816.9263,2120.5277,2026-02-04 12:13:13
247,1770207229,-15816.9277,2120.5313,2026-02-04 12:13:49
248,1770235763,-15815.4323,2118.2333,2026-02-04 20:09:23
249,1770235799,-15815.4345,2118.2362,2026-02-04 20:09:59
250,1770236543,-15815.507,2118.3133,2026-02-04 20:22:23
251,1770236579,-15815.512,2118.3168,2026-02-04 20:22:59
252,1770236611,-15815.5199,2118.3267,2026-02-04 20:23:31
253,1770245514,-15814.8641,2117.6823,2026-02-04 22:51:54
254,1770245983,-15814.9641,2117.7731,2026-02-04 22:59:43
255,1770246016,-15814.9709,2117.7825,2026-02-04 23:00:16
256,1770246052,-15814.9771,2117.7881,2026-02-04 23:00:52
257,1770246088,-15814.9847,2117.7935,2026-02-04 23:01:28
258,1770255086,-15814.2094,2116.8285,2026-02-05 01:31:26
259,1770255123,-15814.2157,2116.8373,2026-02-05 01:32:03
260,1770255713,-15814.3156,2116.963,2026-02-05 01:41:53
261,1770255749,-15814.3209,2116.9693,2026-02-05 01:42:29
262,1770255781,-15814.3251,2116.9765,2026-02-05 01:43:01
263,1770264682,-15813.6247,2116.0892,2026-02-05 04:11:22
264,1770264718,-15813.6297,2116.0945,2026-02-05 04:11:58
265,1770265314,-15813.7061,2116.1741,2026-02-05 04:21:54
266,1770265346,-15813.7113,2116.1782,2026-02-05 04:22:26
267,1770265382,-15813.7192,2116.1824,2026-02-05 04:23:02
268,1770274226,-15812.9683,2115.7695,2026-02-05 06:50:26
269,1770274262,-15812.9698,2115.7721,2026-02-05 06:51:02
270,1770274837,-15813.0044,2115.8276,2026-02-05 07:00:37
271,1770274873,-15813.0063,2115.8314,2026-02-05 07:01:13
272,1770274905,-15813.0099,2115.8353,2026-02-05 07:01:45
273,1770283765,-15812.3166,2115.4373,2026-02-05 09:29:25
274,1770283806,-15812.3209,2115.4406,2026-02-05 09:30:06
275,1770284272,-15812.3718,2115.4826,2026-02-05 09:37:52
276,1770284308,-15812.3764,2115.4883,2026-02-05 09:38:28
277,1770284340,-15812.3781,2115.4874,2026-02-05 09:39:00
278,1770293358,-15811.5758,2114.6765,2026-02-05 12:09:18
279,1770293394,-15811.5791,2114.681,2026-02-05 12:09:54
280,1770293919,-15811.628,2114.7448,2026-02-05 12:18:39
281,1770293951,-15811.6319,2114.7499,2026-02-05 12:19:11
282,1770293987,-15811.6335,2114.7509,2026-02-05 12:19:47
283,1770302962,-15810.7609,2113.7067,2026-02-05 14:49:22
284,1770303003,-15810.7719,2113.709,2026-02-05 14:50:03
285,1770303529,-15810.8731,2113.7712,2026-02-05 14:58:49
286,1770303561,-15810.8807,2113.779,2026-02-05 14:59:21
287,1770303597,-15810.8899,2113.7823,2026-02-05 14:59:57
288,1770312535,-15810.7516,2114.1291,2026-02-05 17:28:55
289,1770312576,-15810.7564,2114.1323,2026-02-05 17:29:36
290,1770313077,-15810.8158,2114.1683,2026-02-05 17:37:57
291,1770313113,-15810.8232,2114.1746,2026-02-05 17:38:33
292,1770313145,-15810.8234,2114.1723,2026-02-05 17:39:05
293,1770321954,-15811.7733,2115.6257,2026-02-05 20:05:54
294,1770321990,-15811.7755,2115.6298,2026-02-05 20:06:30
295,1770332573,-15813.012,2117.187,2026-02-05 23:02:53
296,1770332609,-15813.0132,2117.1923,2026-02-05 23:03:29
297,1770341512,-15814.0706,2118.077,2026-02-06 01:31:52
298,1770341548,-15814.0702,2118.0813,2026-02-06 01:32:28
299,1770342102,-15814.0706,2118.1581,2026-02-06 01:41:42
300,1770342138,-15814.0712,2118.1626,2026-02-06 01:42:18
301,1770342174,-15814.0709,2118.1665,2026-02-06 01:42:54
302,1770342206,-15814.0735,2118.1688,2026-02-06 01:43:26
303,1770351344,-15814.9054,2119.0574,2026-02-06 04:15:44
304,1770351377,-15814.9037,2119.0585,2026-02-06 04:16:17
305,1770351939,-15814.8871,2119.098,2026-02-06 04:25:39
306,1770351971,-15814.8844,2119.0986,2026-02-06 04:26:11
307,1770352007,-15814.8821,2119.098,2026-02-06 04:26:47
308,1770361063,-15815.9298,2120.3078,2026-02-06 06:57:43
309,1770361587,-15815.9267,2120.3631,2026-02-06 07:06:27
310,1770361623,-15815.9261,2120.3637,2026-02-06 07:07:03
311,1770361655,-15815.9247,2120.3716,2026-02-06 07:07:35
312,1770370411,-15817.0831,2121.6772,2026-02-06 09:33:31
313,1770370448,-15817.0869,2121.6827,2026-02-06 09:34:08
314,1770370906,-15817.123,2121.7431,2026-02-06 09:41:46
315,1770370943,-15817.125,2121.7468,2026-02-06 09:42:23
316,1770370979,-15817.129,2121.756,2026-02-06 09:42:59
317,1770379893,-15818.4682,2122.8015,2026-02-06 12:11:33
318,1770379929,-15818.4673,2122.8023,2026-02-06 12:12:09
319,1770380454,-15818.4639,2122.8172,2026-02-06 12:20:54
320,1770380486,-15818.4639,2122.818,2026-02-06 12:21:26
321,1770380522,-15818.4669,2122.8176,2026-02-06 12:22:02
322,1770380558,-15818.4721,2122.817,2026-02-06 12:22:38
323,1770389560,-15818.1614,2122.2255,2026-02-06 14:52:40
324,1770390085,-15818.1204,2122.1871,2026-02-06 15:01:25
325,1770390122,-15818.1175,2122.1843,2026-02-06 15:02:02
326,1770390158,-15818.1149,2122.1814,2026-02-06 15:02:38
327,1770390194,-15818.123,2122.1814,2026-02-06 15:03:14
328,1770399261,-15817.2631,2121.1074,2026-02-06 17:34:21
329,1770399298,-15817.2671,2121.1105,2026-02-06 17:34:58
330,1770400175,-15817.3752,2121.1839,2026-02-06 17:49:35
331,1770400207,-15817.3798,2121.1865,2026-02-06 17:50:07
332,1770400243,-15817.3843,2121.1889,2026-02-06 17:50:43
333,1770400279,-15817.392,2121.1904,2026-02-06 17:51:19
334,1770412306,-15818.2236,2122.5366,2026-02-06 21:11:46
335,1770412347,-15818.2264,2122.5477,2026-02-06 21:12:27
336,1770412873,-15818.2666,2122.6738,2026-02-06 21:21:13
337,1770412909,-15818.2699,2122.6789,2026-02-06 21:21:49
338,1770412941,-15818.2762,2122.6871,2026-02-06 21:22:21
339,1770425091,-15819.6837,2124.0794,2026-02-07 00:44:51
340,1770425127,-15819.685,2124.0831,2026-02-07 00:45:27
341,1770425633,-15819.6969,2124.1425,2026-02-07 00:53:53
342,1770425669,-15819.6977,2124.1489,2026-02-07 00:54:29
343,1770425701,-15819.6986,2124.149,2026-02-07 00:55:01
344,1770437866,-15820.6212,2125.2295,2026-02-07 04:17:46
345,1770437902,-15820.6175,2125.2314,2026-02-07 04:18:22
346,1770451625,-15821.6706,2126.2603,2026-02-07 08:07:05
347,1770451657,-15821.6698,2126.2591,2026-02-07 08:07:37
348,1770451693,-15821.6688,2126.2594,2026-02-07 08:08:13
349,1770464211,-15823.0618,2127.8624,2026-02-07 11:36:51
350,1770464248,-15823.0657,2127.8584,2026-02-07 11:37:28
351,1770464778,-15823.1378,2127.7892,2026-02-07 11:46:18
352,1770464815,-15823.1458,2127.7857,2026-02-07 11:46:55
353,1770476992,-15824.3044,2129.0889,2026-02-07 15:09:52
354,1770477028,-15824.3093,2129.0785,2026-02-07 15:10:28
355,1770503201,-15824.0195,2128.4567,2026-02-07 22:26:41
356,1770503238,-15824.0297,2128.458,2026-02-07 22:27:18
357,1770503274,-15824.0402,2128.4589,2026-02-07 22:27:54
358,1770515221,-15823.0571,2127.7714,2026-02-08 01:47:01
359,1770515257,-15823.0683,2127.7733,2026-02-08 01:47:37
360,1770541942,-15821.8739,2125.8627,2026-02-08 09:12:22
361,1770541979,-15821.882,2125.868,2026-02-08 09:12:59
362,1770542011,-15821.8853,2125.8805,2026-02-08 09:13:31
363,1770542047,-15821.8826,2125.8879,2026-02-08 09:14:07
364,1770554078,-15821.4978,2125.4936,2026-02-08 12:34:38
365,1770554114,-15821.5031,2125.5007,2026-02-08 12:35:14
366,1770554632,-15821.5763,2125.6044,2026-02-08 12:43:52
367,1770554668,-15821.5815,2125.6119,2026-02-08 12:44:28
368,1770554704,-15821.5859,2125.619,2026-02-08 12:45:04
369,1770567014,-15820.6349,2124.8124,2026-02-08 16:10:14
370,1770567046,-15820.639,2124.8137,2026-02-08 16:10:46
371,1770578836,-15819.8008,2123.97,2026-02-08 19:27:16
372,1770578872,-15819.8025,2123.9769,2026-02-08 19:27:52
373,1770578908,-15819.801,2123.9845,2026-02-08 19:28:28
374,1770585269,-15819.0807,2123.3745,2026-02-08 21:14:29
375,1770585301,-15819.0854,2123.38,2026-02-08 21:15:01
376,1770585768,-15819.1532,2123.4483,2026-02-08 21:22:48
377,1770585804,-15819.1602,2123.4548,2026-02-08 21:23:24
378,1770592967,-15819.2808,2123.6562,2026-02-08 23:22:47
379,1770593003,-15819.2862,2123.6605,2026-02-08 23:23:23
380,1770593522,-15819.3702,2123.7229,2026-02-08 23:32:02
381,1770593558,-15819.374,2123.7257,2026-02-08 23:32:38
382,1770593594,-15819.3811,2123.7299,2026-02-08 23:33:14
383,1770593626,-15819.3863,2123.7292,2026-02-08 23:33:46
384,1770601725,-15820.5206,2125.0233,2026-02-09 01:48:45
385,1770601763,-15820.5258,2125.0271,2026-02-09 01:49:23
386,1770602417,-15820.645,2125.0988,2026-02-09 02:00:17
387,1770602453,-15820.6498,2125.1034,2026-02-09 02:00:53
388,1770602485,-15820.6541,2125.1088,2026-02-09 02:01:25
389,1770612768,-15821.7979,2126.5714,2026-02-09 04:52:48
390,1770612804,-15821.8011,2126.5741,2026-02-09 04:53:24
391,1770613364,-15821.8604,2126.6235,2026-02-09 05:02:44
392,1770613400,-15821.8595,2126.6305,2026-02-09 05:03:20
393,1770624539,-15822.8614,2127.9035,2026-02-09 08:08:59
394,1770624571,-15822.8603,2127.9095,2026-02-09 08:09:31
395,1770625258,-15822.8143,2127.9989,2026-02-09 08:20:58
396,1770625294,-15822.8119,2128.0035,2026-02-09 08:21:34
397,1770625326,-15822.8024,2128.0035,2026-02-09 08:22:06
398,1770633218,-15824.028,2129.1105,2026-02-09 10:33:38
399,1770633254,-15824.0335,2129.1157,2026-02-09 10:34:14
400,1770633740,-15824.1133,2129.1711,2026-02-09 10:42:20
401,1770633772,-15824.1175,2129.1761,2026-02-09 10:42:52
402,1770633808,-15824.122,2129.1818,2026-02-09 10:43:28
403,1770633844,-15824.1238,2129.193,2026-02-09 10:44:04
404,1770641673,-15825.1941,2130.1788,2026-02-09 12:54:33
405,1770641709,-15825.203,2130.1852,2026-02-09 12:55:09
406,1770642183,-15825.3194,2130.28,2026-02-09 13:03:03
407,1770642219,-15825.324,2130.2896,2026-02-09 13:03:39
408,1770650187,-15824.9221,2129.677,2026-02-09 15:16:27
409,1770650223,-15824.9326,2129.6843,2026-02-09 15:17:03
410,1770651274,-15825.2108,2129.8844,2026-02-09 15:34:34
411,1770651306,-15825.2176,2129.8905,2026-02-09 15:35:06
412,1770651342,-15825.2257,2129.8944,2026-02-09 15:35:42
413,1770651378,-15825.227,2129.8937,2026-02-09 15:36:18
414,1770659476,-15824.6139,2129.0325,2026-02-09 17:51:16
415,1770660063,-15824.6717,2129.1144,2026-02-09 18:01:03
416,1770660099,-15824.6762,2129.116,2026-02-09 18:01:39
417,1770660131,-15824.6757,2129.1317,2026-02-09 18:02:11
418,1770667682,-15823.8229,2128.2513,2026-02-09 20:08:02
419,1770667718,-15823.8254,2128.2548,2026-02-09 20:08:38
420,1770668237,-15823.8625,2128.3252,2026-02-09 20:17:17
421,1770668273,-15823.8651,2128.3287,2026-02-09 20:17:53
422,1770668309,-15823.8661,2128.337,2026-02-09 20:18:29
423,1770676333,-15823.0102,2127.6182,2026-02-09 22:32:13
424,1770676369,-15823.0189,2127.6194,2026-02-09 22:32:49
425,1770676822,-15823.0932,2127.688,2026-02-09 22:40:22
426,1770676859,-15823.0989,2127.6927,2026-02-09 22:40:59
427,1770676895,-15823.1058,2127.6993,2026-02-09 22:41:35
428,1770676927,-15823.1119,2127.7088,2026-02-09 22:42:07
429,1770685024,-15822.4739,2126.995,2026-02-10 00:57:04
430,1770685056,-15822.4818,2127.0024,2026-02-10 00:57:36
431,1770685531,-15822.604,2127.0795,2026-02-10 01:05:31
432,1770685567,-15822.6148,2127.0884,2026-02-10 01:06:07
433,1770693679,-15821.9107,2126.2776,2026-02-10 03:21:19
434,1770693711,-15821.9178,2126.2819,2026-02-10 03:21:51
435,1770694277,-15822.0258,2126.3838,2026-02-10 03:31:17
436,1770694313,-15822.0327,2126.3894,2026-02-10 03:31:53
437,1770694349,-15822.0383,2126.397,2026-02-10 03:32:29
438,1770694381,-15822.0434,2126.4047,2026-02-10 03:33:01
439,1770702525,-15821.181,2125.4998,2026-02-10 05:48:45
440,1770702562,-15821.1839,2125.5044,2026-02-10 05:49:22
441,1770703293,-15821.235,2125.6116,2026-02-10 06:01:33
442,1770703329,-15821.2349,2125.6168,2026-02-10 06:02:09
443,1770703361,-15821.2356,2125.6265,2026-02-10 06:02:41
444,1770711557,-15822.3057,2124.8178,2026-02-10 08:19:17
445,1770711593,-15822.306,2124.8261,2026-02-10 08:19:53
446,1770712383,-15822.32,2124.9944,2026-02-10 08:33:03
447,1770712415,-15822.3135,2124.9989,2026-02-10 08:33:35
448,1770712455,-15822.3208,2125.0141,2026-02-10 08:34:15
449,1770720974,-15823.6668,2124.4231,2026-02-10 10:56:14
450,1770721006,-15823.6661,2124.4285,2026-02-10 10:56:46
451,1770721520,-15823.6818,2124.5057,2026-02-10 11:05:20
452,1770721552,-15823.6826,2124.5106,2026-02-10 11:05:52
453,1770721588,-15823.6813,2124.5179,2026-02-10 11:06:28
454,1770730590,-15824.8342,2123.9191,2026-02-10 13:36:30
455,1770730626,-15824.8335,2123.9226,2026-02-10 13:37:06
456,1770731230,-15824.7892,2123.9824,2026-02-10 13:47:10
457,1770731262,-15824.7861,2123.986,2026-02-10 13:47:42
458,1770731298,-15824.7894,2123.989,2026-02-10 13:48:18
459,1770740783,-15825.9301,2123.1729,2026-02-10 16:26:23
460,1770740819,-15825.9281,2123.1723,2026-02-10 16:26:59
461,1770741273,-15825.9168,2123.1698,2026-02-10 16:34:33
462,1770741309,-15825.9163,2123.1667,2026-02-10 16:35:09
463,1770741345,-15825.9168,2123.1577,2026-02-10 16:35:45
464,1770752002,-15826.9702,2122.23,2026-02-10 19:33:22
465,1770752716,-15826.8571,2122.2932,2026-02-10 19:45:16
466,1770752759,-15826.8499,2122.2977,2026-02-10 19:45:59
467,1770752791,-15826.8433,2122.3001,2026-02-10 19:46:31
468,1770763043,-15827.9256,2121.4934,2026-02-10 22:37:23
469,1770763079,-15827.9328,2121.4946,2026-02-10 22:37:59
470,1770763537,-15827.9057,2121.5573,2026-02-10 22:45:37
471,1770763573,-15827.9032,2121.5624,2026-02-10 22:46:13
472,1770763609,-15827.8964,2121.5706,2026-02-10 22:46:49
473,1770773953,-15829.3364,2120.9416,2026-02-11 01:39:13
474,1770773989,-15829.3373,2120.9452,2026-02-11 01:39:49
475,1770774568,-15829.3332,2120.994,2026-02-11 01:49:28
476,1770774604,-15829.332,2120.9972,2026-02-11 01:50:04
477,1770774636,-15829.3336,2121,2026-02-11 01:50:36
478,1770784958,-15830.6594,2120.1827,2026-02-11 04:42:38
479,1770784995,-15830.654,2120.1829,2026-02-11 04:43:15
480,1770785489,-15830.6523,2120.2387,2026-02-11 04:51:29
481,1770785525,-15830.6524,2120.2423,2026-02-11 04:52:05
482,1770785557,-15830.6529,2120.2476,2026-02-11 04:52:37
483,1770795837,-15831.904,2120.0454,2026-02-11 07:43:57
484,1770795873,-15831.9087,2120.0519,2026-02-11 07:44:33
485,1770796806,-15831.7672,2120.1945,2026-02-11 08:00:06
486,1770796842,-15831.7598,2120.2004,2026-02-11 08:00:42
487,1770796878,-15831.7473,2120.1994,2026-02-11 08:01:18
488,1770812181,-15833.9651,2120.726,2026-02-11 12:16:21
489,1770812860,-15833.9625,2120.8005,2026-02-11 12:27:40
490,1770812897,-15833.9616,2120.8054,2026-02-11 12:28:17
491,1770812933,-15833.9624,2120.8083,2026-02-11 12:28:53
492,1770829163,-15836.4668,2121.1243,2026-02-11 16:59:23
493,1770829196,-15836.4667,2121.129,2026-02-11 16:59:56
494,1770848272,-15838.2647,2121.4105,2026-02-11 22:17:52
495,1770848307,-15838.2606,2121.4146,2026-02-11 22:18:27
496,1770848343,-15838.2577,2121.4179,2026-02-11 22:19:03
497,1770848375,-15838.2419,2121.4303,2026-02-11 22:19:35
498,1770856320,-15839.2866,2121.4783,2026-02-12 00:32:00
499,1770856361,-15839.2841,2121.4831,2026-02-12 00:32:41
500,1770857122,-15839.2492,2121.5727,2026-02-12 00:45:22
501,1770857158,-15839.2477,2121.5756,2026-02-12 00:45:58
502,1770858193,-15839.3319,2121.725,2026-02-12 01:03:13
503,1770858225,-15839.3299,2121.7301,2026-02-12 01:03:45
504,1770859142,-15839.2957,2121.8657,2026-02-12 01:19:02
505,1770859178,-15839.2942,2121.8703,2026-02-12 01:19:38
506,1770859214,-15839.2915,2121.8713,2026-02-12 01:20:14
507,1770860102,-15839.3821,2121.9604,2026-02-12 01:35:02
508,1770860138,-15839.3805,2121.9656,2026-02-12 01:35:38
509,1770860615,-15839.3658,2122.0378,2026-02-12 01:43:35
510,1770860652,-15839.3648,2122.0426,2026-02-12 01:44:12
511,1770860688,-15839.3634,2122.047,2026-02-12 01:44:48
512,1770860724,-15839.3628,2122.0513,2026-02-12 01:45:24
513,1770860760,-15839.3593,2122.0555,2026-02-12 01:46:00
514,1770860792,-15839.3574,2122.0652,2026-02-12 01:46:32
515,1770862056,-15839.5005,2122.1656,2026-02-12 02:07:36
516,1770862092,-15839.4994,2122.1707,2026-02-12 02:08:12
517,1770863245,-15839.4777,2122.3668,2026-02-12 02:27:25
518,1770863277,-15839.4769,2122.3744,2026-02-12 02:27:57
519,1770863313,-15839.4716,2122.3805,2026-02-12 02:28:33
520,1770882282,-15840.913,2121.259,2026-02-12 07:44:42
521,1770882322,-15840.908,2121.2685,2026-02-12 07:45:22
522,1770882938,-15840.8071,2121.3875,2026-02-12 07:55:38
523,1770882974,-15840.8019,2121.3983,2026-02-12 07:56:14
524,1770900798,-15842.823,2121.2629,2026-02-12 12:53:18
525,1770900835,-15842.8188,2121.269,2026-02-12 12:53:55
526,1770901642,-15842.7233,2121.3792,2026-02-12 13:07:22
527,1770901678,-15842.718,2121.3856,2026-02-12 13:07:58
528,1770901710,-15842.7148,2121.3909,2026-02-12 13:08:30
529,1770919787,-15845.3514,2121.874,2026-02-12 18:09:47
530,1770919819,-15845.3471,2121.875,2026-02-12 18:10:19
531,1770920431,-15845.2787,2121.9116,2026-02-12 18:20:31
532,1770920469,-15845.275,2121.9137,2026-02-12 18:21:09
533,1770920505,-15845.2711,2121.9158,2026-02-12 18:21:45
534,1770938349,-15847.3732,2122.0164,2026-02-12 23:19:09
535,1770938382,-15847.3742,2122.0171,2026-02-12 23:19:42
536,1770938974,-15847.3711,2122.0425,2026-02-12 23:29:34
537,1770939006,-15847.3705,2122.0438,2026-02-12 23:30:06
538,1770939042,-15847.3702,2122.0455,2026-02-12 23:30:42
539,1770939078,-15847.3702,2122.0468,2026-02-12 23:31:18
540,1770957039,-15849.6355,2122.3384,2026-02-13 04:30:39
541,1770957071,-15849.6383,2122.3457,2026-02-13 04:31:11
542,1770957844,-15849.6877,2122.5149,2026-02-13 04:44:04
543,1770957880,-15849.6865,2122.5204,2026-02-13 04:44:40
544,1770957912,-15849.6849,2122.5283,2026-02-13 04:45:12
545,1770976274,-15851.8438,2123.0352,2026-02-13 09:51:14
546,1770976307,-15851.8449,2123.0465,2026-02-13 09:51:47
547,1770977001,-15851.8304,2123.2679,2026-02-13 10:03:21
548,1770977037,-15851.8289,2123.2767,2026-02-13 10:03:57
549,1770977073,-15851.8203,2123.2914,2026-02-13 10:04:33
550,1770996631,-15853.815,2122.5655,2026-02-13 15:30:31
551,1770996668,-15853.8132,2122.5744,2026-02-13 15:31:08
552,1770997260,-15853.7722,2122.7099,2026-02-13 15:41:00
553,1770997292,-15853.7729,2122.7152,2026-02-13 15:41:32
554,1771016918,-15855.7974,2122.8077,2026-02-13 21:08:38
555,1771016950,-15855.7948,2122.8138,2026-02-13 21:09:10
556,1771018960,-15855.6629,2123.1162,2026-02-13 21:42:40
557,1771018992,-15855.657,2123.1211,2026-02-13 21:43:12
558,1771047441,-15858.9445,2122.915,2026-02-14 05:37:21
559,1771047482,-15858.9458,2122.9234,2026-02-14 05:38:02
560,1771048132,-15858.9712,2123.0599,2026-02-14 05:48:52
561,1771048168,-15858.9716,2123.0668,2026-02-14 05:49:28
562,1771048204,-15858.9702,2123.0723,2026-02-14 05:50:04
563,1771048236,-15858.9711,2123.0713,2026-02-14 05:50:36
564,1771075448,-15902.0211,2123.9603,2026-02-14 13:24:08
565,1771075480,-15902.0272,2123.9645,2026-02-14 13:24:40
566,1771116767,-15907.6049,2124.4035,2026-02-15 00:52:47
567,1771116803,-15907.607,2124.4069,2026-02-15 00:53:23
568,1771136133,-15910.5554,2124.5792,2026-02-15 06:15:33
569,1771136174,-15910.5613,2124.5811,2026-02-15 06:16:14
570,1771136790,-15910.67,2124.6192,2026-02-15 06:26:30
571,1771136822,-15910.6698,2124.6205,2026-02-15 06:27:02
572,1771136858,-15910.6747,2124.6178,2026-02-15 06:27:38
573,1771156350,-15913.2313,2125.2542,2026-02-15 11:52:30
574,1771156389,-15913.236,2125.2583,2026-02-15 11:53:09
575,1771177300,-15915.6773,2124.8519,2026-02-15 17:41:40
576,1771177332,-15915.6783,2124.8544,2026-02-15 17:42:12
577,1771177368,-15915.6824,2124.8575,2026-02-15 17:42:48
578,1771205016,-15919.496,2123.9789,2026-02-16 01:23:36
579,1771205057,-15919.5058,2123.9786,2026-02-16 01:24:17
580,1771233879,-15924.1573,2124.4244,2026-02-16 09:24:39
581,1771233911,-15924.1623,2124.4228,2026-02-16 09:25:11
582,1771253398,-15926.8955,2124.3764,2026-02-16 14:49:58
583,1771253434,-15926.9007,2124.3761,2026-02-16 14:50:34
584,1771254187,-15927.0157,2124.4166,2026-02-16 15:03:07
585,1771254223,-15927.0172,2124.4203,2026-02-16 15:03:43
586,1771254259,-15926.9973,2124.4368,2026-02-16 15:04:19
587,1771273769,-15929.6173,2124.0357,2026-02-16 20:29:29
588,1771274356,-15929.7502,2124.0099,2026-02-16 20:39:16
589,1771274392,-15929.7598,2124.0099,2026-02-16 20:39:52
590,1771274428,-15929.7683,2124.0131,2026-02-16 20:40:28
591,1771293353,-15932.6007,2123.8097,2026-02-17 01:55:53
592,1771293394,-15932.6087,2123.8136,2026-02-17 01:56:34
593,1771293997,-15932.7176,2123.8491,2026-02-17 02:06:37
594,1771294033,-15932.7249,2123.8505,2026-02-17 02:07:13
595,1771294065,-15932.7195,2123.8294,2026-02-17 02:07:45
596,1771313256,-15935.9206,2123.6911,2026-02-17 07:27:36
597,1771313297,-15935.9307,2123.6885,2026-02-17 07:28:17
598,1771313992,-15936.1131,2123.6355,2026-02-17 07:39:52
599,1771314028,-15936.1192,2123.6343,2026-02-17 07:40:28
600,1771314060,-15936.1242,2123.6327,2026-02-17 07:41:00
601,1771333358,-15939.1541,2123.5844,2026-02-17 13:02:38
602,1771333399,-15939.1647,2123.5878,2026-02-17 13:03:19
603,1771333991,-15939.3159,2123.6168,2026-02-17 13:13:11
604,1771334027,-15939.328,2123.6163,2026-02-17 13:13:47
605,1771353233,-15942.334,2123.2567,2026-02-17 18:33:53
606,1771353274,-15942.3415,2123.2586,2026-02-17 18:34:34
607,1771374004,-15945.7904,2122.8791,2026-02-18 00:20:04
608,1771374036,-15945.7991,2122.8805,2026-02-18 00:20:36
609,1771374072,-15945.8012,2122.8827,2026-02-18 00:21:12
610,1771393223,-15948.9375,2122.1774,2026-02-18 05:40:23
611,1771393263,-15948.9436,2122.179,2026-02-18 05:41:03
612,1771393889,-15949.0228,2122.1824,2026-02-18 05:51:29
613,1771393925,-15949.0261,2122.1819,2026-02-18 05:52:05
614,1771393957,-15949.0285,2122.1817,2026-02-18 05:52:37
615,1771393993,-15949.0291,2122.1805,2026-02-18 05:53:13
616,1771413020,-15952.1303,2122.3193,2026-02-18 11:10:20
617,1771413056,-15952.1378,2122.319,2026-02-18 11:10:56
618,1771433623,-15955.687,2121.8494,2026-02-18 16:53:43
619,1771433659,-15955.6937,2121.8484,2026-02-18 16:54:19
620,1771433691,-15955.6984,2121.851,2026-02-18 16:54:51
621,1771452879,-15959.0126,2122.0465,2026-02-18 22:14:39
622,1771452911,-15959.0212,2122.0477,2026-02-18 22:15:11
623,1771453474,-15959.1534,2122.0695,2026-02-18 22:24:34
624,1771453506,-15959.1466,2122.0718,2026-02-18 22:25:06
625,1771472780,-16002.7579,2121.7573,2026-02-19 03:46:20
626,1771472816,-16002.763,2121.7557,2026-02-19 03:46:56
627,1771473385,-16002.8608,2121.7294,2026-02-19 03:56:25
628,1771473417,-16002.8677,2121.728,2026-02-19 03:56:57
629,1771473453,-16002.873,2121.7258,2026-02-19 03:57:33
630,1771473485,-16002.8689,2121.732,2026-02-19 03:58:05
631,1771492549,-16005.8468,2121.5875,2026-02-19 09:15:49
632,1771492581,-16005.8529,2121.588,2026-02-19 09:16:21
633,1771493237,-16005.9786,2121.6001,2026-02-19 09:27:17
634,1771493273,-16005.9831,2121.6022,2026-02-19 09:27:53
635,1771493309,-16005.9859,2121.604,2026-02-19 09:28:29
636,1771512623,-16009.0616,2121.0206,2026-02-19 14:50:23
637,1771512664,-16009.0629,2121.0168,2026-02-19 14:51:04
638,1771513359,-16009.0822,2120.9273,2026-02-19 15:02:39
639,1771513395,-16009.0832,2120.9228,2026-02-19 15:03:15
640,1771513427,-16009.083,2120.9189,2026-02-19 15:03:47
641,1771513463,-16009.0867,2120.9196,2026-02-19 15:04:23
642,1771532648,-16012.1781,2121.1747,2026-02-19 20:24:08
643,1771532681,-16012.1852,2121.1723,2026-02-19 20:24:41
644,1771533364,-16012.3307,2121.1004,2026-02-19 20:36:04
645,1771533400,-16012.3375,2121.0973,2026-02-19 20:36:40
646,1771533432,-16012.3444,2121.0925,2026-02-19 20:37:12
647,1771533468,-16012.3526,2121.0825,2026-02-19 20:37:48
648,1771552782,-16015.3135,2120.9891,2026-02-20 01:59:42
649,1771552818,-16015.3182,2120.9877,2026-02-20 02:00:18
650,1771553394,-16015.3869,2120.9605,2026-02-20 02:09:54
651,1771553426,-16015.3881,2120.9598,2026-02-20 02:10:26
652,1771553462,-16015.3829,2120.965,2026-02-20 02:11:02
653,1771572567,-16018.4243,2119.9537,2026-02-20 07:29:27
654,1771573139,-16018.5138,2119.9623,2026-02-20 07:38:59
655,1771573171,-16018.5204,2119.9621,2026-02-20 07:39:31
656,1771573207,-16018.5223,2119.9649,2026-02-20 07:40:07
657,1771592427,-16021.5941,2119.7009,2026-02-20 13:00:27
658,1771592468,-16021.5966,2119.6998,2026-02-20 13:01:08
659,1771593068,-16021.628,2119.6669,2026-02-20 13:11:08
660,1771593104,-16021.6245,2119.665,2026-02-20 13:11:44
661,1771593136,-16021.6154,2119.6592,2026-02-20 13:12:16
662,1771612610,-16024.5402,2118.6551,2026-02-20 18:36:50
663,1771612642,-16024.5471,2118.6534,2026-02-20 18:37:22
664,1771613482,-16024.6851,2118.6053,2026-02-20 18:51:22
665,1771613518,-16024.6927,2118.6049,2026-02-20 18:51:58
666,1771613554,-16024.696,2118.6044,2026-02-20 18:52:34
667,1771632655,-16027.9217,2117.9883,2026-02-21 00:10:55
668,1771632687,-16027.9242,2117.9846,2026-02-21 00:11:27
669,1771633350,-16027.9788,2117.9244,2026-02-21 00:22:30
670,1771633382,-16027.9828,2117.9204,2026-02-21 00:23:02
671,1771633418,-16027.9856,2117.921,2026-02-21 00:23:38
672,1771652701,-16030.5121,2117.0979,2026-02-21 05:45:01
673,1771652733,-16030.5192,2117.0926,2026-02-21 05:45:33
674,1771653363,-16030.6301,2117.0297,2026-02-21 05:56:03
675,1771653399,-16030.6361,2117.0257,2026-02-21 05:56:39
676,1771653431,-16030.6406,2117.022,2026-02-21 05:57:11
677,1771653467,-16030.6423,2117.0144,2026-02-21 05:57:47
678,1771672397,-16034.0746,2116.1327,2026-02-21 11:13:17
679,1771672433,-16034.0822,2116.1323,2026-02-21 11:13:53
680,1771673069,-16034.2142,2116.1455,2026-02-21 11:24:29
681,1771673101,-16034.2202,2116.1467,2026-02-21 11:25:01
682,1771673137,-16034.2247,2116.1459,2026-02-21 11:25:37
683,1771692274,-16036.6574,2115.5927,2026-02-21 16:44:34
684,1771692311,-16036.6681,2115.5942,2026-02-21 16:45:11
685,1771693184,-16036.8778,2115.639,2026-02-21 16:59:44
686,1771693220,-16036.8872,2115.6408,2026-02-21 17:00:20
687,1771693252,-16036.8939,2115.6423,2026-02-21 17:00:52
688,1771712336,-16039.8572,2114.6106,2026-02-21 22:18:56
689,1771712372,-16039.8652,2114.614,2026-02-21 22:19:32
690,1771713043,-16040.0121,2114.6829,2026-02-21 22:30:43
691,1771713075,-16040.0179,2114.6862,2026-02-21 22:31:15
692,1771713111,-16040.027,2114.6883,2026-02-21 22:31:51
693,1771732393,-16041.8474,2113.4505,2026-02-22 03:53:13
694,1771732433,-16041.8493,2113.4519,2026-02-22 03:53:53
695,1771733167,-16041.8923,2113.4441,2026-02-22 04:06:07
696,1771733203,-16041.8932,2113.4441,2026-02-22 04:06:43
697,1771733239,-16041.8907,2113.4444,2026-02-22 04:07:19
698,1771752487,-16039.4392,2113.6797,2026-02-22 09:28:07
699,1771752524,-16039.4445,2113.678,2026-02-22 09:28:44
700,1771753095,-16039.5188,2113.6468,2026-02-22 09:38:15
701,1771753127,-16039.5238,2113.6442,2026-02-22 09:38:47
702,1771753163,-16039.5314,2113.6458,2026-02-22 09:39:23
703,1771772308,-16037.0859,2114.0942,2026-02-22 14:58:28
704,1771772341,-16037.0853,2114.0884,2026-02-22 14:59:01
705,1771772909,-16037.0909,2113.9912,2026-02-22 15:08:29
706,1771772941,-16037.0926,2113.9847,2026-02-22 15:09:01
707,1771772977,-16037.093,2113.9791,2026-02-22 15:09:37
708,1771773013,-16037.0899,2113.9745,2026-02-22 15:10:13
709,1771792231,-16034.7356,2114.6338,2026-02-22 20:30:31
710,1771792267,-16034.7425,2114.6262,2026-02-22 20:31:07
711,1771792827,-16034.8546,2114.5161,2026-02-22 20:40:27
712,1771792863,-16034.8609,2114.5099,2026-02-22 20:41:03
713,1771792899,-16034.8696,2114.5043,2026-02-22 20:41:39
714,1771792931,-16034.8791,2114.501,2026-02-22 20:42:11
715,1771811878,-16032.8677,2115.2249,2026-02-23 01:57:58
716,1771811914,-16032.8779,2115.2163,2026-02-23 01:58:34
717,1771812514,-16033.0316,2115.0852,2026-02-23 02:08:34
718,1771812550,-16033.0439,2115.0692,2026-02-23 02:09:10
719,1771812582,-16033.0566,2115.0729,2026-02-23 02:09:42
720,1771831651,-16030.3848,2115.8518,2026-02-23 07:27:31
721,1771831692,-16030.3968,2115.8493,2026-02-23 07:28:12
722,1771832712,-16030.6829,2115.784,2026-02-23 07:45:12
723,1771832748,-16030.6928,2115.7819,2026-02-23 07:45:48
724,1771832784,-16030.6987,2115.7847,2026-02-23 07:46:24
725,1771852006,-16028.8971,2116.4172,2026-02-23 13:06:46
726,1771852042,-16028.9045,2116.4163,2026-02-23 13:07:22
727,1771852629,-16029.0167,2116.4018,2026-02-23 13:17:09
728,1771852661,-16029.0242,2116.3996,2026-02-23 13:17:41
729,1771852697,-16029.0329,2116.3941,2026-02-23 13:18:17
730,1771871842,-16026.5975,2117.383,2026-02-23 18:37:22
731,1771872824,-16026.7722,2117.2321,2026-02-23 18:53:44
732,1771872857,-16026.7777,2117.2283,2026-02-23 18:54:17
733,1771872893,-16026.7838,2117.2256,2026-02-23 18:54:53
734,1771872929,-16026.7886,2117.2223,2026-02-23 18:55:29
735,1771892164,-16024.7055,2117.4378,2026-02-24 00:16:04
736,1771892197,-16024.7128,2117.4339,2026-02-24 00:16:37
737,1771892670,-16024.7886,2117.3856,2026-02-24 00:24:30
738,1771892702,-16024.7919,2117.3846,2026-02-24 00:25:02
739,1771892738,-16024.7984,2117.3833,2026-02-24 00:25:38
740,1771892774,-16024.8035,2117.387,2026-02-24 00:26:14
741,1771911893,-16022.3752,2118.5792,2026-02-24 05:44:53
742,1771911930,-16022.3822,2118.5766,2026-02-24 05:45:30
743,1771912455,-16022.4953,2118.5538,2026-02-24 05:54:15
744,1771912491,-16022.5028,2118.5531,2026-02-24 05:54:51
745,1771912527,-16022.5079,2118.553,2026-02-24 05:55:27
746,1771932720,-16020.3043,2119.357,2026-02-24 11:32:00
747,1771932752,-16020.3099,2119.3548,2026-02-24 11:32:32
748,1771933327,-16020.4108,2119.3347,2026-02-24 11:42:07
749,1771933363,-16020.4165,2119.3334,2026-02-24 11:42:43
750,1771933399,-16020.4225,2119.3315,2026-02-24 11:43:19
751,1771933431,-16020.4261,2119.3311,2026-02-24 11:43:51
752,1771952540,-16018.5194,2120.6131,2026-02-24 17:02:20
753,1771952577,-16018.5242,2120.6108,2026-02-24 17:02:57
754,1771993548,-16014.2754,2120.0746,2026-02-25 04:25:48
755,1771993584,-16014.2802,2120.0755,2026-02-25 04:26:24
756,1771993620,-16014.2833,2120.0758,2026-02-25 04:27:00
757,1771993652,-16014.2841,2120.0821,2026-02-25 04:27:32
758,1772012937,-16011.6006,2120.301,2026-02-25 09:48:57
759,1772012974,-16011.6048,2120.2939,2026-02-25 09:49:34
760,1772013970,-16011.726,2120.1367,2026-02-25 10:06:10
761,1772014002,-16011.731,2120.13,2026-02-25 10:06:42
762,1772014038,-16011.7297,2120.1285,2026-02-25 10:07:18
763,1772014074,-16011.7249,2120.1259,2026-02-25 10:07:54
764,1772033391,-16009.0579,2120.4609,2026-02-25 15:29:51
765,1772034288,-16009.1396,2120.4498,2026-02-25 15:44:48
766,1772034321,-16009.1418,2120.4496,2026-02-25 15:45:21
767,1772034357,-16009.1421,2120.4522,2026-02-25 15:45:57
768,1772053609,-16006.4193,2120.3694,2026-02-25 21:06:49
769,1772053642,-16006.4196,2120.3659,2026-02-25 21:07:22
770,1772074860,-16003.6049,2120.533,2026-02-26 03:01:00
771,1772074892,-16003.6104,2120.5361,2026-02-26 03:01:32
772,1772086102,-16002.5374,2121.134,2026-02-26 06:08:22
773,1772086138,-16002.5433,2121.1384,2026-02-26 06:08:58
774,1772086783,-16002.6322,2121.2185,2026-02-26 06:19:43
775,1772086819,-16002.6368,2121.2233,2026-02-26 06:20:19
776,1772086851,-16002.638,2121.2259,2026-02-26 06:20:51
777,1772114459,-15958.6634,2121.147,2026-02-26 14:00:59
778,1772114491,-15958.6658,2121.1476,2026-02-26 14:01:31
779,1772144283,-15955.112,2122.0685,2026-02-26 22:18:03
780,1772144319,-15955.1134,2122.0694,2026-02-26 22:18:39
781,1772144351,-15955.1113,2122.0748,2026-02-26 22:19:11
782,1772171736,-15951.046,2122.0277,2026-02-27 05:55:36
783,1772171772,-15951.0495,2122.0368,2026-02-27 05:56:12
784,1772258674,-15939.1351,2123.5569,2026-02-28 06:04:34
785,1772258706,-15939.1367,2123.5603,2026-02-28 06:05:06
786,1772258742,-15939.1359,2123.565,2026-02-28 06:05:42
787,1772285881,-15934.8903,2124.1639,2026-02-28 13:38:01
788,1772285917,-15934.8864,2124.167,2026-02-28 13:38:37
789,1772286998,-15934.7717,2124.2626,2026-02-28 13:56:38
790,1772287034,-15934.7683,2124.265,2026-02-28 13:57:14
791,1772287066,-15934.7649,2124.267,2026-02-28 13:57:46
792,1772287102,-15934.7619,2124.2702,2026-02-28 13:58:22
793,1772314729,-15930.6309,2124.1266,2026-02-28 21:38:49
794,1772314761,-15930.6346,2124.1324,2026-02-28 21:39:21
795,1772315894,-15930.7619,2124.3237,2026-02-28 21:58:14
796,1772315930,-15930.7628,2124.3294,2026-02-28 21:58:50
797,1772315962,-15930.7646,2124.3324,2026-02-28 21:59:22
798,1772343244,-15926.8695,2123.6702,2026-03-01 05:34:04
799,1772343281,-15926.8709,2123.672,2026-03-01 05:34:41
800,1772344154,-15926.9193,2123.7186,2026-03-01 05:49:14
801,1772344186,-15926.9224,2123.718,2026-03-01 05:49:46
802,1772344222,-15926.9225,2123.7195,2026-03-01 05:50:22
803,1772371049,-15922.7175,2124.5173,2026-03-01 13:17:29
804,1772371088,-15922.7186,2124.5209,2026-03-01 13:18:08
805,1772372323,-15922.7361,2124.6111,2026-03-01 13:38:43
806,1772372359,-15922.7365,2124.6145,2026-03-01 13:39:19
807,1772372391,-15922.7349,2124.6167,2026-03-01 13:39:51
808,1772399933,-15918.258,2124.7493,2026-03-01 21:18:53
809,1772399969,-15918.263,2124.758,2026-03-01 21:19:29
810,1772401203,-15918.4539,2125.0359,2026-03-01 21:40:03
811,1772401239,-15918.4599,2125.0406,2026-03-01 21:40:39
812,1772401271,-15918.4627,2125.0505,2026-03-01 21:41:11
813,1772428690,-15915.435,2123.1237,2026-03-02 05:18:10
814,1772428722,-15915.4338,2123.1263,2026-03-02 05:18:42
815,1772430213,-15915.3651,2123.2249,2026-03-02 05:43:33
816,1772430249,-15915.3662,2123.2277,2026-03-02 05:44:09
817,1772430281,-15915.364,2123.2285,2026-03-02 05:44:41
818,1772457642,-15911.1404,2123.7574,2026-03-02 13:20:42
819,1772457683,-15911.142,2123.7617,2026-03-02 13:21:23
820,1772632550,-15849.5515,2121.1087,2026-03-04 13:55:50
821,1772632586,-15849.5507,2121.1021,2026-03-04 13:56:26
822,1772659798,-15846.1624,2119.7375,2026-03-04 21:29:58
823,1772659830,-15846.1647,2119.7424,2026-03-04 21:30:30
824,1772689396,-15843.072,2119.5899,2026-03-05 05:43:16
825,1772689432,-15843.083,2119.5888,2026-03-05 05:43:52
826,1772689468,-15843.089,2119.5852,2026-03-05 05:44:28
827,1772717146,-15839.6191,2119.7927,2026-03-05 13:25:46
828,1772717183,-15839.6234,2119.7833,2026-03-05 13:26:23
829,1772718582,-15839.8015,2119.3827,2026-03-05 13:49:42
830,1772718618,-15839.8058,2119.3733,2026-03-05 13:50:18
831,1772718654,-15839.8093,2119.3635,2026-03-05 13:50:54
832,1772746351,-15836.2145,2118.5089,2026-03-05 21:32:31
833,1772746388,-15836.2232,2118.5138,2026-03-05 21:33:08
834,1772776203,-15832.4944,2118.624,2026-03-06 05:50:03
835,1772776246,-15832.489,2118.6204,2026-03-06 05:50:46
836,1772776282,-15832.4838,2118.6152,2026-03-06 05:51:22
837,1772804473,-15828.7644,2117.8482,2026-03-06 13:41:13
838,1772804513,-15828.7636,2117.8451,2026-03-06 13:41:53
839,1772833616,-15825.0068,2116.813,2026-03-06 21:46:56
840,1772833652,-15825.0142,2116.8135,2026-03-06 21:47:32
841,1772833688,-15825.0211,2116.8116,2026-03-06 21:48:08
842,1772861382,-15821.5097,2115.2964,2026-03-07 05:29:42
843,1772861418,-15821.5138,2115.2987,2026-03-07 05:30:18
844,1772890831,-15818.4444,2115.4339,2026-03-07 13:40:31
845,1772890867,-15818.4473,2115.432,2026-03-07 13:41:07
846,1772890903,-15818.4507,2115.4292,2026-03-07 13:41:43
847,1772904773,-15816.9019,2114.6971,2026-03-07 17:32:53
848,1772904814,-15816.9103,2114.7017,2026-03-07 17:33:34
849,1772905399,-15817.0459,2114.7518,2026-03-07 17:43:19
850,1772905435,-15817.0544,2114.7558,2026-03-07 17:43:55
851,1772905467,-15817.0606,2114.7598,2026-03-07 17:44:27
852,1772905503,-15817.0657,2114.7565,2026-03-07 17:45:03
853,1772932938,-15813.6161,2114.8324,2026-03-08 01:22:18
854,1772932970,-15813.6242,2114.8402,2026-03-08 01:22:50
855,1772934209,-15813.9079,2115.1128,2026-03-08 01:43:29
856,1772934241,-15813.9151,2115.1195,2026-03-08 01:44:01
857,1772934277,-15813.923,2115.127,2026-03-08 01:44:37
858,1772961917,-15810.841,2114.1177,2026-03-08 09:25:17
859,1772961954,-15810.8487,2114.1158,2026-03-08 09:25:54
860,1773005379,-15806.9802,2113.6132,2026-03-08 21:29:39
861,1773005415,-15806.9859,2113.6106,2026-03-08 21:30:15
862,1773005447,-15806.9924,2113.6099,2026-03-08 21:30:47
863,1773019759,-15804.596,2112.9318,2026-03-09 01:29:19
864,1773019791,-15804.603,2112.9332,2026-03-09 01:29:51
865,1773020421,-15804.739,2112.9663,2026-03-09 01:40:21
866,1773020458,-15804.7433,2112.9675,2026-03-09 01:40:58
867,1773020494,-15804.7506,2112.9697,2026-03-09 01:41:34
868,1773032440,-15803.8867,2113.8257,2026-03-09 05:00:40
869,1773032472,-15803.8923,2113.8254,2026-03-09 05:01:12
870,1773033097,-15804.0123,2113.8493,2026-03-09 05:11:37
871,1773033133,-15804.0194,2113.8516,2026-03-09 05:12:13
872,1773033169,-15804.0196,2113.851,2026-03-09 05:12:49
873,1773043685,-15803.7684,2114.1027,2026-03-09 08:08:05
874,1773043722,-15803.7748,2114.1024,2026-03-09 08:08:42
875,1773044148,-15803.8362,2114.0763,2026-03-09 08:15:48
876,1773044184,-15803.8429,2114.0779,2026-03-09 08:16:24
877,1773044220,-15803.8456,2114.0748,2026-03-09 08:17:00
878,1773044252,-15803.8452,2114.0713,2026-03-09 08:17:32
879,1773050646,-15803.1337,2113.9531,2026-03-09 10:04:06
880,1773050682,-15803.1376,2113.9503,2026-03-09 10:04:42
881,1773051037,-15803.187,2113.9265,2026-03-09 10:10:37
882,1773051073,-15803.1914,2113.9239,2026-03-09 10:11:13
883,1773051109,-15803.195,2113.9231,2026-03-09 10:11:49
884,1773051141,-15803.1993,2113.9174,2026-03-09 10:12:21
885,1773065104,-15802.7595,2114.0188,2026-03-09 14:05:04
886,1773065140,-15802.7647,2114.0174,2026-03-09 14:05:40
887,1773065172,-15802.7686,2114.0182,2026-03-09 14:06:12
888,1773065208,-15802.7696,2114.0152,2026-03-09 14:06:48
889,1773069518,-15802.599,2114.1245,2026-03-09 15:18:38
890,1773069554,-15802.6043,2114.1249,2026-03-09 15:19:14
891,1773070388,-15802.7516,2114.1419,2026-03-09 15:33:08
892,1773070424,-15802.7555,2114.1415,2026-03-09 15:33:44
893,1773070460,-15802.7627,2114.143,2026-03-09 15:34:20
894,1773070492,-15802.7719,2114.1418,2026-03-09 15:34:52
895,1773074188,-15802.6857,2114.2255,2026-03-09 16:36:28
896,1773074220,-15802.6923,2114.227,2026-03-09 16:37:00
897,1773074595,-15802.7657,2114.2436,2026-03-09 16:43:15
898,1773074627,-15802.7717,2114.2448,2026-03-09 16:43:47
899,1773074663,-15802.7778,2114.2456,2026-03-09 16:44:23
900,1773074699,-15802.7812,2114.2435,2026-03-09 16:44:59
901,1773078697,-15802.6024,2114.2578,2026-03-09 17:51:37
902,1773078733,-15802.6077,2114.2596,2026-03-09 17:52:13
903,1773079289,-15802.7096,2114.2807,2026-03-09 18:01:29
904,1773079321,-15802.7165,2114.2824,2026-03-09 18:02:01
905,1773079357,-15802.7216,2114.2842,2026-03-09 18:02:37
906,1773079393,-15802.7305,2114.2867,2026-03-09 18:03:13
907,1773080193,-15802.7258,2114.3014,2026-03-09 18:16:33
908,1773080229,-15802.7318,2114.3041,2026-03-09 18:17:09
